{"cameraMode":{"drawMode":0,"name":"Shaded","section":"Shading Mode"},"sceneLighting":true,"audioPlay":false,"sceneViewState":{"showFog":true,"showMaterialUpdate":false,"showSkybox":true,"showFlares":true,"showImageEffects":true,"showParticleSystems":true},"in2DMode":false,"pivot":{"x":-0.12001180648803711,"y":0.03747284412384033,"z":0.10610979795455933},"rotation":{"x":-0.09276449680328369,"y":0.8818308711051941,"z":-0.1951674073934555,"w":-0.41914069652557375},"size":1.7660253047943116,"orthographic":false}